time_step,time_seconds,rear_x,rear_y,center_x,center_y,velocity,acceleration,orientation,steering_angle,yaw_rate,curvature,lateral_acceleration_estimate
0,0.0,28.572951744197283,-1.1998138400488303,29.9948,-1.1501,20.0,0.0,0.03495,0.0,0.0,0.0,0.0
1,0.1,30.571447624989737,-1.1252775082591562,31.992813341457946,-1.063282117539803,19.99692906841693,-0.052608084015467085,0.04358914879723314,0.020902872454103397,0.08639136915307155,0.008106484775608965,3.2415982082877655
2,0.2,32.56804484598087,-1.0193642535599454,33.987718404152226,-0.9263539495570458,19.992542582205374,-0.018130393855501817,0.06542177995919976,0.03419344345824458,0.21832631161966617,0.013264029680351244,5.301655993355376
3,0.30000000000000004,34.56105503031708,-0.8614136492878199,35.977367574870954,-0.7265703900533833,19.996022298736367,0.09610690357243154,0.09492116397470018,0.04083641096031632,0.29499384015500424,0.01584354689369836,6.334898172297663
4,0.4,36.5492181319347,-0.6431757748651763,37.96096692147184,-0.46685423998624054,20.008084105243437,0.1331491234147499,0.12425242449314924,0.034706528866827104,0.2933126051844906,0.013463220142533327,5.389642460413805
5,0.5,38.532072962737864,-0.37134309003712485,39.93909747727912,-0.16061591119783178,20.02022208081105,0.10022569407532889,0.1486629973017543,0.028196160473393055,0.24410572808605063,0.010936249978463498,4.383350612807389
6,0.6000000000000001,40.50946989380331,-0.05603965249949561,41.912173352169866,0.18175634475054184,20.026088968831935,0.011370720599759965,0.1679303294206706,0.021504752102489474,0.19267332118916292,0.00833997477721166,3.344698841038386
7,0.7000000000000001,42.48149670455631,0.29149039059817594,43.88100199550499,0.5474373949335993,20.019152276322725,-0.14841161210793885,0.18088493406572612,0.012262716651225228,0.12954604645055517,0.004755233039939116,1.9057379017275902
8,0.8,44.44864956906815,0.6577128118586337,45.84648515010136,0.9226271693766744,19.99644396969776,-0.2988601666173615,0.18729625315485282,0.004637039891829441,0.06411319089126705,0.001798072865255726,0.7189734087757745
9,0.9,46.411531379768356,1.0306396132381583,47.8090814098084,1.2970562830557488,19.96016757854273,-0.417558556659105,0.18837110461646367,-0.0015305517759262926,0.010748514616108484,-0.0005934876786367227,-0.23645041104137138
10,1.0,48.370741621805145,1.4005682862410203,49.76915403218407,1.6624206471618848,19.913469171175407,-0.50638411029779,0.18510617889627948,-0.006608921856306501,-0.03264925720184192,-0.0025627148305089175,-1.0162349672139919
11,1.1,50.32683133417291,1.7597742443585067,51.72694696506283,2.012361157240668,19.860329222171156,-0.5477512498920055,0.17848454491754925,-0.010322459862068726,-0.06621633978730224,-0.004002782299578068,-1.5788281371223754
12,1.2000000000000002,52.280313802403946,2.1026555109682166,53.68263616470562,2.3426886766147255,19.80522340852144,-0.5483005999061019,0.16952544338050318,-0.012797870538177932,-0.08959101537046071,-0.004962777060856629,-1.9466337897774164
13,1.3,54.23201889085969,2.425757752776801,55.63671641313408,2.6514761599522574,19.763284655891653,-0.2926343865341342,0.159326274888131,-0.013715201214962008,-0.10199168492372179,-0.005318544021195026,-2.077356389468172
14,1.4000000000000001,56.184084856100476,2.7279721178140925,57.59108926688492,2.938833485671596,19.74630618672639,-0.05068763760728412,0.1487583687578906,-0.013848597278616051,-0.1056790613024039,-0.005370279544943134,-2.093961184283142
15,1.5,58.13870723116123,3.0094751537501336,59.54782597289581,3.205710471962665,19.752547681492874,0.1705397796890465,0.13837109707576922,-0.013294182489155332,-0.1038727168212139,-0.0051552598941110635,-2.01139238733666
16,1.6,60.09762594180386,3.2659085761844184,61.509984496802446,3.4372773030395347,19.756435512568547,-0.0500458369481348,0.12074490700754972,-0.03160558691056101,-0.176261900682195,-0.012259474171584963,-4.785078043794603
17,1.7000000000000002,62.06173773911604,3.4757335920192505,63.4784265866621,3.6065641605429835,19.750973027308817,-0.025737647683140713,0.09208834642758952,-0.04239759712156173,-0.286565605799602,-0.016449962721773317,-6.417145847123049
18,1.8,64.03140423382499,3.6224588854725286,65.45174705640342,3.7046184544317926,19.756366372655464,0.1485591969115222,0.057780498507442365,-0.046577060273307824,-0.34307847920147155,-0.01807380664513161,-7.054459988302723
19,1.9000000000000001,66.00640731342452,3.7017400135369996,67.42865652246876,3.738224473169674,19.779140971196743,0.286869569108435,0.02564702415775693,-0.03762246603034627,-0.3213347434968543,-0.0145953856959432,-5.709925314079696
20,2.0,67.98569050321272,3.7240238710034363,69.40840751020048,3.724520307762545,19.80930542152683,0.3014246319699668,0.00034893568891229687,-0.02859885121940188,-0.2529808846884463,-0.011092523452825576,-4.352801390975374
21,2.1,69.96796396851705,3.702771239855508,71.39044688212925,3.6769586672796404,19.835977436034522,0.22124945950571034,-0.018144147588877488,-0.0197369536315449,-0.18493083277789785,-0.007654200970604661,-3.011667845551435
22,2.2,71.9518710434972,3.65211599980824,73.37399476086595,3.6110299812749544,19.850491444801726,0.063214509365489,-0.028882573788740526,-0.008574802529868131,-0.10738426199863038,-0.0033250494923930795,-1.3102091873275656
23,2.3000000000000003,73.93603212931139,3.5881010129220483,75.35802767125769,3.542795305704767,19.84826343325569,-0.10800985041134545,-0.031849879448664783,0.0006075702295909579,-0.029673056599242575,0.0002355916432501251,0.09281216687465531
24,2.4000000000000004,75.91915745198622,3.5248223955912388,77.34129799815136,3.484323069982464,19.82987234735033,-0.25724035237048143,-0.028470029199468602,0.008022221939129137,0.03379850249196181,0.003110765915150091,1.2232273101353455
25,2.5,77.90009395166884,3.4736963836316317,79.3225280802666,3.4453224832655764,19.798705969841755,-0.36211394271877606,-0.01994478153365646,0.014047810701191913,0.08525247665812141,0.005447541632172703,2.135375078985823
26,2.6,79.87787027372984,3.443788004916038,81.30054815799309,3.4332255217864756,19.759338138939622,-0.4211666676304438,-0.007424230868042225,0.018509710493273508,0.12520550665614236,0.007178150672575536,2.8025757301105023
27,2.7,81.85168411269166,3.4417537467006225,83.27435633018972,3.453053745850412,19.71619606508169,-0.43817256085438294,0.007942631751823914,0.021560293689379024,0.1536686261986614,0.00836152158821557,3.250360802166707
